{"cameraMode":{"drawMode":0,"name":"Shaded","section":"Shading Mode"},"sceneLighting":false,"audioPlay":false,"sceneViewState":{"showFog":true,"showMaterialUpdate":false,"showSkybox":false,"showFlares":true,"showImageEffects":true,"showParticleSystems":true},"in2DMode":false,"pivot":{"x":-3.5128209590911867,"y":-0.07279008626937866,"z":-1.9788753986358643},"rotation":{"x":0.12780560553073884,"y":-0.6651974320411682,"z":0.11708642542362213,"w":0.7262741327285767},"size":4.662726402282715,"orthographic":false}